{"cameraMode":{"drawMode":0,"name":"Shaded","section":"Shading Mode"},"sceneLighting":false,"audioPlay":false,"sceneViewState":{"m_AlwaysRefresh":false,"showFog":true,"showSkybox":false,"showFlares":true,"showImageEffects":true,"showParticleSystems":true,"showVisualEffectGraphs":true,"m_FxEnabled":true},"in2DMode":false,"pivot":{"x":0.183049738407135,"y":1.0720988512039185,"z":-0.11089396476745606},"rotation":{"x":-0.0008019796223379672,"y":-0.998690128326416,"z":0.04858418181538582,"w":-0.016488641500473024},"size":1.2006642818450928,"orthographic":false}